Label,# Samples,Average,Min,Max,Std. Dev.,Error %,Throughput,Received KB/sec,Sent KB/sec,Avg. Bytes
JSR223 Sampler - Search terms script,2340,0,0,471,10.21,0.000%,.95634,0.00,0.00,.0
[GET] Homepage,2340,794,475,8470,542.74,0.256%,.95610,1545.28,57.16,1655021.6
Debug Sampler,1369,0,0,20,0.77,0.000%,1.14166,2.00,0.00,1796.4
[GET] Select Category - /en/17-furniture,248,596,249,3132,297.24,0.000%,.10173,24.99,7.89,251509.4
[GET] Select Sub-Category - /en/93-board-games,97,521,251,1549,205.26,3.093%,.03976,8.59,2.66,221337.2
[GET] Select Category - /en/12-tv-and-audio,227,602,243,3477,355.97,0.000%,.09376,23.19,7.22,253269.0
[GET] Random product,1691,264,1,6295,281.35,0.237%,.69389,68.00,12.31,100350.5
[GET] Select Sub-Category - /en/61-storage-furniture,83,556,247,1724,227.78,1.205%,.03443,7.94,2.51,236185.1
[POST] Search product - Autocomplete - Partial type - vec,45,115,74,1027,138.35,0.000%,.04029,0.79,0.05,20094.3
[POST] Search product - Autocomplete - Partial type - vect,45,83,70,105,8.38,0.000%,.04028,0.79,0.05,20094.0
[POST] Search product - Autocomplete - vector,45,88,67,211,25.22,0.000%,.04029,0.79,0.05,20094.1
[GET] Search vector,45,158,69,1150,212.10,0.000%,.04028,1.53,0.21,38999.9
Search by term,696,449,220,1678,229.65,0.144%,.28639,27.58,2.51,98622.8
[GET] Open Product - Search result,695,225,101,1525,153.07,0.288%,.28617,30.63,3.36,109619.2
Browse product,463,988,283,8976,584.10,0.432%,.19010,58.21,14.83,313537.2
[POST] Add product to cart,530,92,39,1316,102.44,0.000%,.21795,0.68,0.39,3209.4
[POST] Ajax Add to cart,530,62,36,989,46.78,0.000%,.21795,0.78,0.39,3676.5
Add to cart,530,155,75,1391,113.61,0.000%,.21794,1.47,0.78,6886.0
[GET] Select Category - /en/25-toys,229,649,239,6382,518.69,0.000%,.09560,23.48,7.27,251460.4
[GET] View cart,595,121,47,1070,82.02,0.000%,.24479,3.57,0.78,14920.0
[GET] Select Category - /en/9-art,231,230,100,1420,185.44,0.000%,.09521,5.45,1.00,58661.6
[GET] Select Sub-Category - /en/46-gaming-consoles,81,592,243,2492,351.03,0.000%,.03342,7.46,2.28,228601.8
[GET] Select Category - /en/3-clothes,253,179,91,1270,163.88,0.000%,.10436,3.31,0.82,32514.2
[GET] Select Sub-Category - /en/58-office-chairs,89,588,246,2070,299.02,0.000%,.03809,8.60,2.69,231278.4
[POST] Search product - Autocomplete - Partial type - hum,56,135,81,1140,136.78,0.000%,.04818,1.60,0.06,33933.3
[POST] Search product - Autocomplete - Partial type - humm,56,123,95,1022,121.88,0.000%,.04819,1.60,0.06,33933.0
[POST] Search product - Autocomplete - hummingbird,56,121,94,591,67.12,0.000%,.04820,1.60,0.06,33933.0
[GET] Search hummingbird,56,178,110,1372,200.37,0.000%,.04820,1.86,0.24,39560.7
[GET] Select Sub-Category - /en/91-educational-toys,94,503,242,1452,192.99,0.000%,.03891,8.08,2.52,212705.8
[GET] Select Category - /en/14-gaming,273,625,237,8172,539.15,0.000%,.11320,28.02,8.83,253500.2
[GET] Select Sub-Category - /en/5-women,84,153,85,1052,163.86,0.000%,.03476,0.60,0.09,17778.8
[GET] Select Sub-Category - /en/59-living-room-furniture,86,499,244,1321,188.45,0.000%,.03678,7.82,2.27,217679.2
[POST] Search product - Autocomplete - Partial type - sam,35,144,90,857,157.68,0.000%,.03099,0.93,0.04,30632.1
[POST] Search product - Autocomplete - Partial type - sams,35,198,145,998,139.48,0.000%,.03099,1.92,0.04,63602.0
[GET] Select Sub-Category - /en/90-building-sets,93,583,252,4465,499.73,1.075%,.03965,8.43,2.77,217724.5
[POST] Search product - Autocomplete - samsung,35,97,71,170,22.56,0.000%,.03099,0.91,0.04,30004.0
[GET] Search samsung,35,122,91,179,17.60,0.000%,.03099,0.74,0.11,24457.0
[GET] Select Sub-Category - /en/4-men,96,142,83,1030,125.79,0.000%,.04016,0.68,0.10,17352.8
[GET] Select Sub-Category - /en/8-home-accessories,88,217,116,1135,182.75,0.000%,.03776,1.85,0.33,50157.1
[GET] Select Category - /en/6-accessories,237,289,133,6173,409.10,1.266%,.09876,9.21,1.82,95542.9
[POST] Search product - Autocomplete - Partial type - jea,96,109,69,1163,109.84,0.000%,.04034,0.67,0.06,16935.2
[GET] Select Sub-Category - /en/38-smart-tvs,86,565,243,1682,262.92,0.000%,.03655,8.24,2.52,230905.3
[POST] Search product - Autocomplete - Partial type - jean,96,93,68,258,20.94,0.000%,.04034,0.67,0.06,16935.0
[POST] Search product - Autocomplete - jeans,96,116,76,1007,128.06,0.000%,.04035,0.67,0.06,16935.0
[GET] Search jeans,96,86,71,193,16.85,0.000%,.04034,0.51,0.06,12945.7
[GET] Select Sub-Category - /en/92-remote-control-toys,80,535,243,1768,200.42,0.000%,.03529,8.14,2.51,236283.8
[GET] Select Sub-Category - /en/60-bedroom-furniture,100,564,253,1739,263.90,1.000%,.04206,9.28,3.02,225919.9
[GET] Select Sub-Category - /en/47-gaming-controllers,84,605,256,3479,422.16,0.000%,.03551,7.76,2.51,223861.2
[GET] Select Sub-Category - /en/48-gaming-keyboards,64,517,241,1269,185.72,0.000%,.02689,5.79,1.76,220506.6
[POST] Search product - Autocomplete - Partial type - shi,88,108,54,1076,159.19,0.000%,.03695,0.41,0.06,11284.3
[POST] Search product - Autocomplete - Partial type - shir,88,89,54,973,136.55,0.000%,.03695,0.41,0.06,11284.0
[POST] Search product - Autocomplete - shirt,88,66,54,125,13.06,0.000%,.03695,0.41,0.06,11284.0
[GET] Search shirt,88,94,63,586,57.94,0.000%,.03695,0.46,0.06,12865.1
[GET] Select Sub-Category - /en/7-stationery,67,169,96,1081,155.06,0.000%,.02848,1.19,0.18,42738.4
[POST] Search product - Autocomplete - Partial type - swe,103,94,53,1077,144.47,0.000%,.04337,0.42,0.07,9913.3
[POST] Search product - Autocomplete - Partial type - swea,103,90,53,982,145.79,0.000%,.04337,0.42,0.07,9913.0
[GET] Select Sub-Category - /en/49-gaming-mice,75,515,231,1274,169.54,0.000%,.03156,7.27,2.07,235740.0
[POST] Search product - Autocomplete - sweater,103,70,53,832,75.80,0.000%,.04337,0.42,0.07,9913.0
[GET] Search sweater,103,88,62,326,39.53,0.000%,.04337,0.54,0.07,12686.7
[POST] Search product - Autocomplete - Partial type - not,32,58,35,410,63.98,0.000%,.02928,0.06,0.04,2205.2
[POST] Search product - Autocomplete - Partial type - note,32,100,82,235,26.59,0.000%,.02928,0.57,0.04,19915.1
[POST] Search product - Autocomplete - notebook,32,147,83,942,202.49,0.000%,.02928,0.57,0.04,19915.0
[GET] Search notebook,32,167,73,1084,177.24,0.000%,.02928,1.11,0.15,38891.9
[POST] Search product - Autocomplete - Partial type - sho,104,76,1,549,50.41,0.962%,.04399,0.48,0.07,11195.8
[POST] Search product - Autocomplete - Partial type - shoe,104,165,1,425,46.60,0.962%,.04399,2.61,0.07,60756.5
[POST] Search product - Autocomplete - shoes,104,89,68,188,18.32,0.000%,.04399,0.86,0.07,19915.0
[GET] Search shoes,104,156,79,1368,162.42,0.000%,.04399,1.71,0.26,39822.4
[GET] Select Sub-Category - /en/40-bluetooth-speakers,106,559,240,1745,282.78,0.000%,.04505,9.23,2.98,209839.5
[GET] Select Sub-Category - /en/39-wireless-headphones,80,566,240,3512,403.69,0.000%,.03458,8.08,2.38,239189.1
[POST] Search product - Autocomplete - Partial type - mou,38,151,119,502,61.27,0.000%,.03437,1.42,0.05,42244.3
[POST] Search product - Autocomplete - Partial type - moun,38,149,100,986,138.82,0.000%,.03437,1.42,0.05,42244.1
[POST] Search product - Autocomplete - Partial type - lap,99,123,89,1217,113.64,0.000%,.04258,1.27,0.07,30632.2
[POST] Search product - Autocomplete - mountain,38,124,98,173,17.04,0.000%,.03437,1.42,0.05,42244.1
[GET] Search mountain,38,206,138,1266,177.46,0.000%,.03436,2.56,0.36,76161.5
[POST] Search product - Autocomplete - Partial type - lapt,99,116,93,362,35.59,0.000%,.04258,1.53,0.07,36717.0
[POST] Search product - Autocomplete - laptop,99,96,61,858,91.61,0.000%,.04258,0.84,0.07,20094.0
[GET] Search laptop,99,130,75,1071,102.85,0.000%,.04258,1.60,0.26,38383.2
[GET] Select Sub-Category - /en/41-home-cinema-systems,62,561,267,2718,360.91,0.000%,.02685,5.84,1.83,222525.6
Login Action,959,396,273,2712,206.76,0.417%,.80210,22.39,5.42,28579.5
Browse products,67,971,391,3186,505.76,1.493%,.05825,15.37,4.48,270212.9
[POST] Update product quantity - increase qty,66,130,43,1109,193.21,0.000%,.05810,0.12,0.12,2128.0
[POST] Ajax cart refresh,66,74,40,193,21.96,0.000%,.05810,0.56,0.12,9911.7
[POST] Ajax update cart product qty,66,63,38,306,31.65,0.000%,.05810,0.05,0.12,805.6
Update cart,66,268,121,1227,208.19,0.000%,.05809,0.73,0.35,12845.3
TOTAL,19246,303,0,8976,401.28,0.161%,7.86360,2024.84,172.94,263675.4
